Model,CV Accuracy,CV Accuracy Std,CV F1,CV F1 Std,CV ROC-AUC,CV ROC-AUC Std
Extra Trees,0.9948283436891986,0.00014213927280038797,0.99450449001658,0.0001520179055432855,0.9998189574262503,1.0367070019870536e-05
HistGradientBoosting,0.9987782171175128,0.0001245455015053448,0.9987060982012471,0.00013190448761269454,0.9999573554819632,8.202618417903236e-06
